Word,Frequency
although,15
mobile,3
boarding,85
pass,9
checked,30
luggage,109
still,72
go,69
check,89
counter,21
departure,37
delayed,98
hour,287
food,116
flight,791
bad,46
lot,14
clunking,1
noise,1
galley,8
throughout,11
movie,7
available,31
organized,2
abc,1
difficult,17
search,2
ba,454
charge,14
pick,11
seat,279
thats,11
unfortunate,2
abysmal,2
experience,105
initially,3
cancelled,108
rebooked,27
onto,18
another,85
staff,144
totally,16
disorganised,3
original,13
gate,62
tried,38
ridiculous,4
group,13
procedure,6
even,113
though,34
didnt,58
make,52
announcement,11
led,2
telling,10
customer,207
wrong,17
place,8
queue,24
good,34
lady,16
remarked,1
im,16
mind,3
reader,1
impudent,1
terminal,47
complete,11
shamble,5
british,194
airway,187
ashamed,2
recently,4
flew,31
business,145
class,155
must,8
say,47
standard,14
product,21
outdated,10
uncomfortable,38
absolutely,30
worth,6
premium,43
price,30
marketed,1
club,38
world,16
felt,10
like,56
economy,76
higher,3
tag,9
narrow,9
almost,25
privacy,7
fully,2
recline,11
properly,8
cabin,73
looked,13
worn,4
service,300
inconsistent,1
overall,26
ripoff,1
ive,37
flown,33
true,2
airline,216
simply,21
doesnt,14
compare,2
stop,5
misleading,1
image,1
promise,8
dont,63
match,5
reality,3
feel,11
cheated,3
paid,52
expected,8
luxury,2
tired,9
fake,1
version,1
lost,44
bag,96
took,58
day,141
find,45
entire,12
time,201
incompetent,11
giving,8
consistently,1
incorrect,5
information,42
would,123
change,69
every,27
call,95
representative,13
rude,36
helpful,11
average,11
tight,6
terrible,58
respect,6
priority,5
crowded,2
bus,22
take,49
u,191
plane,105
without,43
mention,4
waiting,37
wait,46
inside,4
switched,2
air,41
conditioning,1
recent,11
nothing,39
short,19
infuriating,3
particularly,6
booking,38
travel,45
agency,5
immediate,1
response,25
tell,20
state,6
cant,38
access,11
modify,1
ticket,74
cycle,1
bounced,1
party,5
neither,3
taking,15
responsibility,6
whats,7
truly,7
baffling,1
flexible,2
charged,4
card,12
platform,2
add,17
insult,6
injury,6
purchased,5
separately,3
website,50
refused,27
help,68
refund,49
clear,8
quick,4
turn,11
away,26
unwilling,1
due,92
diligence,1
understand,15
situation,15
listen,2
feedback,5
multiple,12
speaking,8
various,3
unhelpful,6
finally,53
gave,28
resorted,1
filing,1
dispute,3
credit,7
company,27
speaks,1
volume,3
breakdown,1
support,14
longhaul,4
disappointing,24
poor,64
thing,26
declined,9
aircraft,46
amenity,6
kit,4
basic,11
comfort,7
youd,2
normally,1
expect,18
quality,16
subpar,6
minimal,7
one,170
proper,3
drink,30
round,11
journey,18
warm,3
juice,4
offered,53
afterwards,1
costcutting,1
measure,1
impacting,1
passenger,117
far,23
much,35
checkin,53
slow,14
member,28
checking,10
initial,8
period,6
passport,11
control,13
security,25
area,21
shown,3
back,111
others,14
went,29
seemed,11
uninterested,3
confusion,3
caused,20
said,84
aboard,3
wide,4
enough,31
legroom,13
limited,10
water,37
oat,1
bar,5
served,17
arrived,61
baggage,54
appeared,7
promptly,3
appalling,23
started,13
online,64
couldnt,40
repeated,2
error,6
airport,124
early,13
sort,10
mebrushing,1
could,116
saying,20
full,27
incredibly,7
unprofessional,2
lounge,38
overcrowded,3
poorly,3
equippedwooden,1
utensil,1
seating,18
shortly,3
struck,2
excruciating,1
abdominal,1
pain,3
fearing,1
medical,7
emergency,3
asked,45
offloaded,1
pas,18
left,54
sitting,22
agony,1
minute,81
eventually,17
leave,18
hospitalstaff,1
fine,12
however,38
distress,1
realise,3
taken,13
reference,7
wheelchair,8
porter,1
heading,4
direction,2
none,6
assisted,3
collapsed,1
midway,1
stretchered,1
medic,1
hospital,2
thankfully,5
received,45
treatment,5
returned,9
home,45
since,40
trying,42
retrieve,3
number,63
triedonline,1
via,44
serviceis,1
either,16
unreachable,1
voicemail,4
ring,3
idea,5
helping,8
completely,13
unacceptable,8
international,11
failed,7
stage,2
technical,8
inperson,1
handling,6
postflight,1
care,27
book,27
night,31
system,26
downgraded,5
worse,22
split,2
family,21
wife,23
autistic,1
son,9
sat,11
give,32
minus,3
star,5
employee,19
venice,3
made,53
mistake,7
got,77
gold,5
silver,6
line,56
see,23
sign,8
scolded,1
berated,1
know,27
read,6
let,25
apologized,2
happy,3
end,24
continued,2
discourteous,1
toward,2
people,62
worst,74
experienced,14
carry,5
trolley,5
everyone,19
forced,12
carryons,2
laptop,10
battery,1
etc,18
woman,6
explaining,4
nowhere,4
stuff,5
need,36
onboard,26
explain,3
withstand,1
carried,1
hold,19
fragile,1
showed,7
crack,1
visibly,1
small,42
complying,1
carryon,3
measurement,1
route,27
th,24
march,9
crew,94
worked,8
hard,20
ivka,1
everything,8
used,34
shame,7
cannot,18
singapore,9
feb,2
miserable,7
unhappy,4
tetchy,1
lazy,2
anything,34
except,8
sleep,19
perhaps,1
promote,2
shorthaul,2
performer,1
awful,25
nearly,11
extortionate,2
amount,13
attitude,13
serviced,2
never,101
cleaned,3
toilet,14
joke,13
four,12
including,11
companion,2
outrageous,4
busy,6
flirting,1
captain,9
going,27
instead,18
paying,11
attention,3
prior,21
agent,25
elderly,6
relatively,3
contrast,1
way,47
boisterous,1
somethings,1
large,4
london,163
gatwick,14
marrakech,4
rather,15
tiny,14
packet,8
digestive,1
biscuit,2
walking,4
aisle,23
bottle,15
mineral,1
plastic,7
cup,8
claimed,6
ran,8
many,34
get,137
miserly,1
offering,15
map,4
brief,1
needed,15
use,40
lavatory,5
rudely,4
drew,1
curtain,2
behind,16
colleague,5
loudly,3
talking,5
boyfriend,2
ignored,8
man,4
struggling,5
open,9
door,7
shall,3
unclean,1
floor,8
concern,4
seemingly,3
casual,1
approach,2
safety,4
demonstration,1
disembarkation,2
well,25
managed,16
competitive,2
choice,28
medium,4
reschedule,4
connecting,62
request,12
compensation,37
pending,1
year,56
lhr,42
found,29
sent,32
cologne,1
two,57
told,143
spent,26
europe,19
bought,9
clothes,10
reimburse,7
closed,16
case,13
front,25
wont,12
talk,8
management,8
email,55
mail,3
escalate,2
update,10
claim,36
form,24
process,19
rewardloyalty,1
program,1
mess,6
able,17
point,33
partner,17
unfortunately,17
work,36
sometimes,4
november,3
long,43
seek,2
satisfactory,1
ultimately,4
rebook,25
cost,39
lack,25
underground,1
alternate,4
buy,15
new,51
admitted,1
subjected,1
disparate,1
flying,46
recommending,1
rome,7
december,8
sm,3
completed,2
required,6
believe,5
arrive,19
last,51
pm,24
likely,1
delivered,17
next,55
nobody,8
contact,43
happened,13
sunday,4
initiated,1
several,23
occasion,3
called,41
desk,32
travelling,14
together,10
sheer,2
neglect,1
keeping,3
informed,25
disgusting,12
sadly,8
fly,60
share,4
horror,3
story,4
strongly,4
encourage,2
rating,3
zero,12
first,58
huge,1
disappointment,7
quite,17
simple,3
heathrow,120
hub,2
seen,7
landed,15
dc,1
stayed,5
wednesday,3
airtag,2
follow,5
suitcase,23
came,18
washington,4
following,14
thursday,3
ever,50
offer,32
mean,15
communication,16
chat,7
bot,4
england,2
inquiry,1
sends,1
link,9
hang,12
option,22
human,3
there,6
local,2
phone,65
reach,14
keep,9
calling,23
today,17
leaving,16
message,20
show,11
iad,2
deliver,4
reply,7
basically,7
shut,2
fraustrated,1
wasnt,16
earliest,2
three,30
later,61
insane,2
saga,1
event,3
proceeded,2
legally,2
entitled,3
according,6
eu,1
rule,7
page,6
ok,12
became,6
incomprehensibly,1
frustrating,11
confirmation,3
conclusion,3
money,44
kept,14
lead,3
circle,5
speak,19
team,14
spoken,2
directly,5
done,19
throw,1
toy,1
pram,5
someone,38
updated,4
thought,14
confirmed,10
transferred,5
wrote,2
highlight,4
rectify,1
month,42
havent,9
owed,2
yet,20
criminal,1
adhering,1
aviation,1
dictate,1
honestly,1
belive,1
capable,2
stranding,1
purchase,10
necessity,1
toiletry,8
refreshment,3
wed,3
reimbursed,8
denied,9
claiming,4
weather,16
reason,28
delay,65
outright,1
lie,10
ontime,2
unable,21
besides,1
stand,12
voucher,52
shuttle,5
reservation,8
absolute,5
nightmare,11
put,32
also,59
accommodation,12
stranded,4
archaic,1
oldest,2
travelled,8
emirate,4
etihad,3
thai,4
malaysian,1
qantas,4
cathay,3
ua,1
interior,3
terribly,2
booked,61
soon,12
selected,4
extra,30
selection,16
changed,19
given,58
directed,9
altogether,3
seems,12
digital,1
dinosaur,1
leg,36
discovered,6
transfer,8
forgot,5
immediately,6
contacted,21
oxymoron,1
cleaner,1
working,18
contractor,2
finished,3
job,3
hope,4
discover,1
return,71
terminalgate,1
yes,5
exactly,4
wouldnt,21
detail,10
notify,5
register,1
incident,2
interest,3
assisting,2
attempt,6
pretend,2
respond,4
emailed,8
replied,8
supervisor,4
reveal,1
name,15
duty,4
property,4
behalf,2
relation,6
referred,3
smartecarte,1
cleaning,2
apparently,9
collecting,1
item,6
thousand,3
gbp,4
week,42
cape,6
town,6
unpleasant,5
attendant,23
unenthusiastic,1
collect,6
trash,3
meal,48
distributed,1
extremely,23
slowly,3
inefficient,3
twice,11
otherwise,3
ask,14
especially,16
fabric,1
room,28
scarce,1
relax,1
keen,2
transit,6
visa,1
iceland,5
separate,2
using,14
requested,9
partial,2
centre,11
provided,27
landline,1
explained,8
overseas,1
practical,1
contacting,2
regardless,3
munich,5
turned,15
trouble,7
began,3
malfunctioning,2
app,21
despite,31
successfully,1
upon,18
arrival,27
selfservice,1
kiosk,5
unattended,1
seeking,2
clearly,10
want,19
assist,4
dismissive,5
showing,1
indicating,1
walked,9
providing,4
assistance,20
different,38
reached,9
kind,5
powerless,1
resolve,5
issue,31
wasted,3
print,2
followed,6
complaint,41
dismissed,2
timeignoring,1
fact,21
apps,1
failure,3
problem,35
staggering,1
additional,17
expense,14
hotel,61
stay,7
taxi,9
fare,9
missing,20
absurd,2
employer,1
embarrassing,1
improve,1
technology,1
fail,3
provide,24
adequate,3
urge,1
consider,1
alternative,25
arriving,14
mexico,3
broken,18
replacement,4
six,6
late,73
contrary,3
grand,3
elite,1
american,6
admiral,1
close,19
restaurant,1
diverted,1
cancun,2
volcanic,1
ash,1
cloud,1
city,7
appear,3
affecting,1
arranged,2
assured,7
organise,1
transport,6
disappeared,4
canada,7
impossible,12
notice,10
canadian,1
epa,1
authorisation,3
aeromexico,3
meant,5
pay,34
upgraded,1
earlier,12
availability,2
already,32
suggested,4
moved,8
break,3
onus,2
rearrange,1
lucky,2
making,7
uk,16
disabled,2
july,11
september,5
apologize,1
filed,6
reimbursement,11
heard,7
word,7
october,7
edinburgh,8
h,10
min,31
part,11
literally,7
run,16
delhi,3
bonus,1
surprise,7
address,9
oct,2
bbi,1
port,3
apply,3
enter,8
face,7
horrible,25
landing,11
disappointed,12
arrangement,4
arrogant,2
super,2
hmin,2
recommend,12
addition,6
explanation,17
oriented,1
disgusted,4
may,16
departed,5
manchester,13
seattle,5
actually,12
courtesy,1
scheduled,13
depart,5
sept,1
boarded,14
hr,22
approximately,3
pilot,9
advised,7
radar,1
returning,3
circled,1
approx,3
present,2
advice,6
stated,6
deal,6
await,1
husband,11
fortunate,1
allocated,6
result,14
around,23
beyond,7
mestre,1
weve,11
learnt,1
hundred,6
past,16
flightradar,2
atrocious,4
lhrordlhr,1
roundtrip,2
disgrace,6
national,9
eight,2
think,12
genuine,2
white,3
glove,1
inattentive,2
illmannered,1
badly,5
trained,3
better,27
mcdonalds,1
suite,6
cubicle,2
mile,4
wifi,14
cheap,4
airplane,5
dirty,11
haste,1
grim,2
ordlhr,2
sector,3
continues,6
decline,8
chicago,1
decided,10
aa,4
dreadful,9
flagship,3
course,12
government,2
virtual,1
monopoly,2
continue,8
mediocre,7
leadership,3
portfolio,1
relentlessly,1
pleasure,3
generally,7
routing,1
frequent,5
flier,1
come,14
accept,15
shocking,10
exorbitant,2
primary,3
role,1
look,13
fallen,1
bed,4
dress,1
men,1
razor,1
question,9
ability,3
react,1
saturday,5
st,9
august,8
berlin,3
brandenburg,1
info,5
screen,20
rushed,3
quickly,5
carousel,4
meaning,9
upset,3
disregard,1
knowledge,2
resolved,2
false,5
longer,10
spoke,11
datedestination,1
suddenly,3
mother,7
funeral,4
unless,5
proved,3
sending,1
death,2
certificate,2
policy,6
questioning,1
wanting,3
double,3
confirm,2
troubling,1
aunt,1
uncle,1
grieving,1
sudden,1
loss,4
cousin,1
documentation,4
holder,3
passed,7
sense,3
dead,1
challenge,3
expressing,2
feeling,2
mistrust,1
allowed,14
date,8
challenged,1
manger,1
gone,11
direct,5
putting,2
formal,5
ago,22
less,16
remaining,2
scam,2
asking,11
manager,8
shock,2
isnt,6
looking,8
status,9
log,2
appalled,2
hurt,1
frustrated,5
whole,17
spreading,1
known,6
review,12
possible,13
till,3
genuinely,3
mutual,1
agreementresolve,1
leaf,4
profit,1
arbitrary,1
cancellation,18
reserved,2
daughter,3
pakistan,3
pakistani,1
admit,2
mine,4
else,17
total,15
half,35
owe,3
operation,3
resting,1
laurel,1
standing,10
little,17
completing,2
task,2
document,10
fee,12
ryanair,9
somewhere,3
easyjet,6
presumably,1
theyre,3
aiming,1
ground,21
expensive,21
met,7
size,5
requirement,3
scratched,1
damaged,2
assurance,1
lodged,3
fell,4
deaf,2
ear,2
acknowledgment,1
resolution,5
funny,2
overhead,9
locker,2
empty,9
glaring,1
traveled,6
mixed,1
straightforward,2
processing,5
unnecessary,4
enjoyed,2
layover,14
dfw,3
aspect,3
timeline,1
okay,2
hong,3
kong,3
midnight,2
bee,1
lightning,1
scramble,1
transportation,4
rerouting,2
hk,1
middle,20
east,2
stopover,1
needless,5
trick,3
deleted,2
therefore,4
express,1
anger,1
apology,11
missed,42
connection,31
waited,26
destination,16
reading,3
regular,3
receiving,2
personally,4
lifted,1
hand,24
counting,2
processed,3
cleverly,1
designed,6
tree,1
deter,1
live,4
guide,2
something,7
spite,1
entering,2
anyway,4
attending,1
caring,1
least,28
alone,4
judging,1
similar,6
treat,8
internationally,1
life,10
ahead,13
evergrowing,1
circumstance,2
receipt,7
barcelona,5
coordinated,1
outbound,9
trip,37
ended,15
boardingdownstairs,1
exit,4
entry,3
board,37
notification,5
helped,10
beginning,7
final,6
saw,10
solution,5
future,16
thanks,5
figured,1
inconvenience,4
effect,1
subsequent,3
postponed,1
gathering,1
assigned,2
ready,5
outside,5
cancel,14
intercom,1
absence,1
note,7
therell,1
rage,1
mounted,1
amongst,3
brit,1
insist,2
rebooking,4
apart,7
automated,2
cross,3
power,5
liar,2
pushing,4
raging,1
person,30
roughly,3
fighting,1
angel,1
breaking,1
committed,1
avoid,25
clerk,5
cut,8
save,3
pretty,8
financial,1
presence,1
drop,6
spending,3
frequently,2
lately,1
pity,3
seeing,1
decay,1
ceo,3
suggestion,1
convenient,2
clicked,2
rep,7
within,17
great,16
bawell,1
reclined,7
bend,1
touch,4
space,14
comfortable,4
chair,1
knee,3
crushed,1
airhostesses,1
plus,11
sized,2
coffin,2
shaped,2
pod,5
substandard,1
storage,6
drawer,3
foot,10
opaque,1
sheet,2
awake,1
neighbour,5
light,6
cold,14
mould,1
step,5
calfheight,1
footrest,4
hopefully,1
brushing,1
feetfootrest,1
heavenforbid,1
try,23
lever,1
position,6
slightest,1
pressure,1
cause,3
collapse,1
level,13
kiss,2
goodbye,3
view,3
lean,1
serve,5
reported,4
damagedruined,1
awaiting,2
ill,6
per,4
requesting,2
joy,1
paulo,3
encountered,6
causing,5
miss,14
designated,1
pocket,3
complication,2
effort,5
assert,1
right,17
nonfunctional,1
answered,5
automatically,7
appropriate,1
channel,1
responsive,5
considering,4
high,7
associated,2
reject,1
overwhelmed,2
submitting,1
interface,1
wholly,1
inadequate,1
positive,5
improvement,2
traveler,5
catering,9
desired,3
portion,3
chicken,15
dish,6
contained,2
maybe,5
piece,6
broccoli,1
unknown,3
snack,18
real,8
vancouver,8
bizarre,2
tasting,1
pastry,6
wrap,3
taste,3
sweet,1
mushy,1
salty,1
spacious,1
tolerable,3
bumped,6
certainly,4
jfk,8
americanba,1
ideal,1
environment,1
indifferent,1
traveller,8
exceptionally,1
plate,5
table,7
napkin,3
strewn,1
played,1
game,4
chipscrisps,1
hidden,2
dark,2
corner,2
crazy,2
rip,2
across,12
improved,2
introduction,1
big,6
overnight,13
redeye,1
efficient,3
wanted,14
aside,2
getting,27
decent,9
rest,15
catch,7
superb,2
remembered,1
valued,1
often,5
reflected,1
value,2
telephone,12
office,7
memorial,1
nice,14
spend,13
florence,1
routed,3
advising,1
guess,3
imagine,3
might,13
possibly,4
tokyo,9
dismay,1
annoyed,4
sometime,1
cancelling,4
downgrading,1
behaviour,2
advise,4
morning,11
sf,3
evening,7
luckily,4
canceled,10
answer,16
move,7
united,5
numerous,2
anyone,11
grace,1
god,1
stress,7
figure,5
fix,5
afternoon,4
exhausted,3
saved,3
allows,1
common,2
los,6
angeles,6
dublin,10
annoying,3
happens,3
really,34
raised,5
instructed,2
title,1
forgotten,2
sorry,13
youre,4
thank,3
patience,2
please,7
sincere,1
forward,8
enquire,1
id,6
hearing,1
latecancelled,1
friend,3
longtime,1
commitment,2
loyal,3
werent,5
backed,1
station,1
staffed,2
expedite,1
talked,1
verify,5
attempted,3
closer,1
secure,3
finish,6
choose,13
moving,1
section,3
based,3
previous,4
pickup,1
chatting,1
inexperienced,2
snapping,2
confused,2
regarding,8
belt,4
vent,1
flow,2
loudspeaker,1
elevator,2
eta,1
vienna,1
johannesburg,7
virgin,5
five,5
nine,1
supposed,6
grounded,1
glass,4
hungry,2
dehydrated,1
hkg,1
originally,2
couple,17
layout,10
yinyang,1
configuration,7
select,7
window,6
remains,2
accessible,1
flat,2
spec,1
additionally,2
climb,4
shabby,1
outward,2
enthusiastic,1
adept,1
managing,1
acceptable,8
presentation,1
favourably,1
competitor,4
inbound,7
welcome,3
champagne,5
sad,4
pair,3
selffunding,1
repeat,1
packed,8
rafter,1
user,3
glitch,1
cookie,2
malaga,6
boston,6
report,8
interested,2
client,2
useless,10
seem,5
intention,5
robot,1
fb,1
messenger,1
twitter,4
opened,2
doubt,1
milan,5
miami,3
width,2
length,3
jump,2
heshe,1
sleeping,8
mode,1
unbelievable,3
divider,2
mia,3
qatar,3
comparable,1
difference,6
row,24
qr,1
top,9
strange,2
mainly,2
become,9
messy,1
copenhagen,6
april,7
respectively,1
condition,7
africa,3
cumbersome,1
tedious,1
easy,7
professional,4
fragmenting,1
escape,1
particular,4
beer,2
prosecco,1
sparkling,2
wine,6
savoury,1
meaty,1
tarmac,5
forcing,3
nd,6
timeslot,1
minibottle,1
bagged,1
crumb,2
fairly,2
superfluous,1
ife,8
charity,1
begging,3
fa,4
intrusive,1
disrespectful,1
degrades,1
discount,3
carrier,13
pricier,1
disrespect,1
rd,2
includes,2
inflight,12
entertainment,23
sought,4
perform,1
recovery,2
slightly,5
evoucher,3
purchasing,3
useful,1
brushed,1
gesture,3
goodwill,3
matter,5
requires,2
disappoint,1
selfserving,1
inconsiderate,2
undiscerning,1
insincere,2
guilty,1
remorseful,1
deserve,2
smashed,1
lete,1
yielding,1
oversubscribed,1
persistent,1
odour,1
ex,1
force,2
eat,4
usually,1
phoenix,7
zurich,5
codeshare,1
operated,5
february,9
dash,1
schedule,7
stopped,6
thru,6
realized,3
holiday,21
soccer,1
championship,1
printer,1
zone,4
printed,3
assure,1
side,6
noticed,1
spot,1
iphones,1
feature,3
apple,1
young,3
pleasant,4
order,12
special,5
popular,2
bring,4
mentioned,3
surprised,5
acting,1
lying,1
memory,2
responded,3
corporate,2
template,1
ticketing,2
stressful,4
erroneous,1
headquarters,1
account,7
tax,1
redirected,1
site,11
recognize,1
aer,2
lingus,2
application,3
reset,1
passcode,1
blind,2
entered,2
refunded,5
strike,6
spain,1
remote,4
organised,1
manage,8
prepared,3
becoming,2
irritable,1
complex,2
apologised,1
euro,7
engaging,1
coffee,9
seatbelt,3
minor,1
turbulence,1
tug,1
lisbon,3
filling,2
madrid,14
decency,3
inform,2
handled,4
hence,2
unfair,1
informing,1
incompetence,3
paphos,1
utterly,4
removed,1
ruck,1
sack,1
bin,5
consent,1
coerced,1
toronto,4
mumbai,3
notifying,4
stuck,7
kid,11
friendly,10
switching,2
qf,1
unfriendliest,1
smiled,1
welcomed,1
body,2
stewardess,2
approached,3
infront,1
hed,1
eye,6
straight,2
observing,1
hated,1
disembarking,3
cocktail,1
barely,6
rate,5
shouldnt,3
suggesting,1
regional,2
crammed,2
buyer,1
beware,5
upgrading,2
ensuring,1
fivehour,1
haul,10
cheaper,6
courteous,3
start,6
added,3
transaction,1
rang,3
summoned,1
payment,2
li,1
discovery,1
fault,19
old,23
soggy,2
free,14
knackered,1
stood,4
tap,2
newer,1
non,6
existent,3
bamad,1
madlhr,1
issued,7
f,4
rudeness,2
send,9
low,12
western,1
usa,5
always,6
navigate,4
endless,1
repeating,1
loop,1
fruitless,1
clothing,2
electronics,3
quit,1
thinking,2
whoop,2
jan,4
lastminute,1
transatlantic,5
ireland,2
attend,3
nature,3
vacation,7
baby,12
cry,4
set,6
midflight,2
bathroom,3
j,2
leaking,1
sewage,2
compartment,3
coming,4
smell,1
boot,3
essentially,2
chance,6
screaming,1
restroom,2
overflowed,1
created,1
soiled,1
health,2
fill,6
file,5
dumbest,1
ai,1
chatbot,1
cairo,5
vacant,2
x,4
hacked,1
scammer,1
posting,1
flagging,1
chocolate,2
smudged,1
childrens,1
wipe,4
camera,2
threw,2
massive,1
fuss,1
reluctantly,2
agreed,4
disembarked,2
assumed,1
stolen,1
complained,6
automatedgeneric,1
mitigated,1
willing,4
actual,4
whereas,2
clue,2
hasnt,3
facing,3
skill,1
geneva,3
skiing,1
le,1
arc,1
moment,4
departing,2
load,4
happen,6
receives,2
offshore,1
obstructive,2
fob,2
merely,3
refer,2
webpage,1
web,4
refuse,6
input,2
empowered,1
ski,1
wardrobe,1
tracking,5
suitacase,1
noone,3
heartless,1
strong,3
tail,1
wind,1
loaded,3
corn,1
lowcost,3
panel,1
towards,5
plan,4
loose,1
hanging,6
head,7
maintenance,3
pathetic,4
remotely,1
market,2
typing,1
gain,2
hate,2
opening,1
center,6
europeanbased,1
factual,1
intraeuropean,1
sell,4
intraeurope,1
justify,2
biggest,2
lislhr,1
lhriah,1
substantially,1
decade,2
perfunctory,2
best,6
eva,1
ana,1
japan,2
zealand,1
compete,1
usbased,1
delta,9
universe,1
term,5
highquality,1
slap,2
expects,1
dollar,3
decision,2
functioning,1
brain,1
overworked,1
weird,2
g,1
button,7
press,1
stiff,3
awkward,1
obstructs,1
activate,1
pressing,1
sit,4
menu,7
ec,3
pasta,2
christmas,4
turkey,1
dinner,3
breakfast,13
unidentified,1
cardboard,1
tube,1
fruit,1
nicer,1
tea,13
hot,7
provides,1
superior,1
highly,3
specifically,2
reduced,2
mere,1
realizing,1
impracticality,1
reasonable,3
shockingly,3
flatly,1
citing,1
inability,2
logistical,1
requiring,3
frustration,3
inaccurately,1
noted,1
presented,1
conversation,6
moreover,1
military,1
format,1
exacerbated,1
equally,1
outsourced,1
india,2
allegedly,1
contributing,1
blameshifting,1
steer,1
serious,3
father,2
diagnosed,1
severe,2
heart,5
defect,1
doctor,2
unfit,2
potential,1
surgery,2
operator,5
unlikely,1
lose,3
advertised,4
chose,4
second,11
whilst,7
equivalent,5
gulf,1
rival,3
hoping,2
easier,3
upgrade,13
stretch,2
cast,1
quoted,1
traveling,4
interpret,1
near,4
single,7
concession,1
allow,7
swing,1
arm,3
crutch,2
hop,1
tumble,1
operational,2
apologise,3
occurs,1
train,7
preparation,2
expectation,1
pleasantly,1
jnb,2
attentive,3
unlucky,2
sloppy,1
prestigious,1
suggest,6
dear,1
community,1
compelled,3
utter,6
defined,1
buckle,1
folk,1
rollercoaster,1
displeasure,1
zrh,1
faced,2
unavoidable,1
onehour,1
resulted,5
triggering,1
automatic,2
rescheduling,2
hnd,1
beijing,1
china,1
oh,1
fun,2
ca,1
turning,2
promised,7
cherry,1
checkedin,1
detour,1
join,3
waste,7
danced,1
tune,1
punctuality,1
myth,1
cumulative,1
impact,1
torpedoed,1
stealing,1
activity,1
guided,1
tour,4
dig,1
deeper,1
unforeseen,1
expensesextra,1
rearrangement,1
icing,1
bitter,2
cake,1
installing,1
hassle,3
downright,4
youve,1
sour,1
mouth,1
dent,2
wallet,1
here,1
seriously,4
fed,2
bert,1
takeoff,4
stating,3
cryptic,1
disruption,2
limit,1
capacity,1
hit,1
anyhow,1
ultra,1
planed,1
triple,1
bucharest,2
atc,1
disembark,3
slot,2
shortage,1
freezing,2
shameful,2
text,6
lame,1
excuse,8
compensate,3
lifetime,1
beauty,1
cruise,3
cab,7
bacelona,1
iberia,12
probably,9
anchorage,1
operate,3
baseshameful,1
embarrassed,2
normal,2
grasp,1
concept,2
hiccup,1
mass,1
ripple,1
chaos,7
porto,3
scrambled,2
meanwhile,1
ruined,5
bordering,1
abuse,1
istanbul,5
child,6
watching,1
ipad,2
loud,1
plugged,1
disrupted,2
hear,3
headphone,3
mom,1
zoo,2
training,4
disrupt,1
laughed,1
larger,3
mockery,1
allowance,6
stressed,3
onwards,1
fullservice,1
concerning,1
nonexistent,7
deliberately,1
fixed,2
dayvia,1
loading,1
callous,2
anybody,1
solve,3
halfway,1
soso,1
semilow,1
confusing,3
preorder,1
dependable,1
theory,1
generous,1
compared,8
leading,3
usb,3
supply,1
sight,1
pointless,1
socket,1
avios,7
abandon,1
deemed,1
punta,1
cana,1
reserve,2
realised,1
reserving,1
reallocated,1
swapped,1
n,1
naturally,1
fight,1
shoddy,1
pound,10
aud,3
fair,2
downgrade,1
insulting,1
painful,2
cancer,1
pointed,3
numbing,1
degradation,1
dealt,5
earth,1
honest,1
operates,2
medieval,1
torture,1
logo,1
rear,2
fuselage,1
indication,2
farce,2
reminiscent,1
twenty,3
budget,10
luxurious,1
charter,1
usual,6
theyd,2
goodness,1
pretzel,5
officious,1
senior,1
whod,1
facilitating,1
slammed,2
armrest,1
mid,4
cattle,2
definitely,5
land,2
understatement,1
caught,1
fiasco,1
smooth,4
masquerade,1
airside,1
predicament,3
retrieval,1
revised,1
bother,3
implementing,1
mill,1
bumping,1
searching,2
nonsense,1
incoming,2
glasgow,4
soaking,1
wet,3
content,1
dried,2
movement,1
kart,1
norm,2
clueless,1
grubby,2
cope,1
cutback,2
veteran,1
alex,1
cruz,1
cutting,4
latest,1
occasional,1
article,1
improving,1
substantive,1
flag,1
doco,1
produce,1
rubbish,2
sampled,1
turkish,1
guessing,1
avoided,3
chaotic,5
overfull,1
unmanaged,1
race,2
bottom,3
cheapskate,1
stake,1
ten,3
athens,5
lentil,1
pie,2
green,2
curry,2
overbooked,3
fails,1
implore,1
mxp,2
rush,3
risking,1
attack,1
sjc,3
filled,4
toll,1
record,2
delivery,2
dealing,3
shitty,1
expecting,3
obviously,6
knew,2
dallas,2
functional,1
dubrovnik,1
tray,9
blocking,1
coach,5
slipped,1
odds,1
booted,1
closing,3
passing,3
engineer,2
locate,5
washed,2
contravention,1
caa,1
slept,1
admin,1
liquid,1
florida,1
occupied,2
headed,3
personnel,4
checkpoint,1
ushered,2
weekend,3
plenty,4
timeframe,1
appears,3
overwhelming,1
sentiment,1
prague,1
unusual,1
picture,1
hardly,5
block,5
yell,1
excused,1
bit,6
walk,4
virtually,3
comfortably,1
store,1
outlet,2
internet,7
heavy,4
hernia,1
runway,3
announce,2
engine,1
evacuated,1
worry,2
disassociate,1
jet,4
lag,1
emotional,1
indifference,4
financially,1
equal,1
salary,1
trapped,2
rescheduled,3
hamburg,3
la,3
vega,2
dropped,3
closest,1
lax,6
refusal,1
peak,1
frankfurt,9
main,8
callousness,2
third,3
bacom,4
abandoned,2
operating,1
degree,2
halfhour,1
meaningful,1
solid,1
signal,2
listed,4
arrange,2
hanh,1
km,1
stansted,2
disaster,7
imaginable,1
sane,1
jam,1
narrower,1
tv,7
tablet,1
pull,2
draw,1
seated,7
accessed,2
sick,3
eating,1
flimsy,1
fall,2
redeeming,2
plague,2
enquiring,1
racing,1
speed,2
clearing,2
kitchen,1
bell,2
ignore,1
bean,2
lowered,1
b,4
crisp,3
smelt,1
heated,1
warmed,1
freshener,1
zilch,1
receive,10
sufficient,2
nowadays,2
filthy,6
europebusiness,1
clean,3
accommodate,1
deposit,1
depending,1
covid,28
permanent,1
k,3
written,1
department,6
inquire,1
standby,2
assistant,1
unsympathetic,2
incurred,2
zimbabwe,1
safari,1
lodge,1
snooty,1
uncaring,2
wasting,2
sharing,2
reaching,5
shared,1
january,5
exception,2
distance,1
fundamental,1
demanded,2
blamed,1
delaying,1
blame,2
incapacity,1
delivering,1
hire,4
fulfil,1
demand,1
keflavk,3
pitch,3
midmorning,1
glory,1
crisis,2
joking,1
norwegian,3
arctic,1
emerald,2
uncommunicative,1
politely,4
argumentative,1
accusatory,1
niece,2
nephew,1
spanish,3
cell,1
knowing,3
raw,1
apologizes,1
prepurchased,1
sure,7
gradually,1
euroflyer,1
tempted,1
lacklustre,1
overpriced,2
biz,2
bored,1
representing,1
focussed,1
fingernail,1
cramped,14
sale,2
consists,1
fellow,4
sandwich,5
prompted,1
exist,1
flyer,5
computer,4
official,1
highway,1
competent,1
heaven,1
nonstatus,1
developed,1
taxiing,1
announced,9
involving,1
legal,2
minimum,2
loyalty,1
arent,1
bothered,1
earned,1
cash,1
recommended,3
egg,3
sausage,2
stick,1
obvious,1
fit,3
treating,2
shortchanging,1
june,5
e,2
central,1
unsuitable,1
climbing,1
avail,2
sympathetic,1
utmost,1
affordability,1
jammed,2
shoulder,3
stranger,2
touching,1
suffered,2
kindness,1
mission,1
clamber,2
backrest,1
nearinedible,1
spicy,2
suitable,1
older,3
omelette,1
malta,2
ample,3
ibiza,1
galling,1
finding,4
thus,2
chunk,1
proactively,1
lima,1
latam,2
cuzco,1
attempting,3
lock,2
searched,2
emptied,1
aid,2
violated,1
treated,3
appallingly,2
forth,1
mistagged,2
planned,1
hung,3
worker,2
suck,2
ship,1
everyday,1
appease,1
fixing,1
answering,3
jumping,1
escalator,1
building,3
gotta,1
submit,5
garbage,1
accident,1
realize,1
duplicated,1
included,5
cordial,1
dub,1
lcy,2
randomly,4
lagged,1
accepted,4
staying,4
docklands,2
choosing,1
nope,2
hey,1
screwed,1
surly,3
james,1
brutal,1
moron,1
stupid,2
supercomputer,1
algorithm,1
chosen,6
contempt,2
funky,1
cruelty,1
ineptitude,1
wow,1
significantly,1
intend,1
uncomfy,1
ugly,2
focus,2
onward,3
santiago,1
disappear,2
country,4
monaco,1
type,7
watch,2
continually,1
france,5
rental,2
car,7
homewe,1
running,3
statement,1
tomorrow,1
drama,1
pointing,1
finger,1
disagrees,1
undue,1
curryspicy,1
opinion,3
golf,3
shoe,2
tee,2
ball,1
andrew,2
occurred,1
horrendous,5
girlfriend,1
understandable,4
extent,1
messed,1
communicate,1
correct,5
involved,1
smoothly,2
previously,3
addressed,1
ghosted,1
holding,2
anymore,2
resulting,5
avoiding,2
destroyed,1
dropdown,1
elses,1
belonging,3
domestic,4
wedding,2
unwell,1
itinerary,5
vegaschicagolondonvenice,1
skipped,2
pamphlet,1
create,2
helpline,2
connected,1
expedia,4
monday,3
friday,4
vicinity,1
acted,1
inconveniencing,1
spread,3
cram,1
aware,2
risk,3
rank,1
resolving,2
welp,1
million,1
hometown,1
buried,1
google,1
trust,2
secret,1
buck,2
whatever,4
sold,1
ownership,1
clock,1
play,1
heed,1
tableware,1
everywhere,1
finnair,2
thin,1
tatty,1
remain,2
shocked,2
focused,1
fundamentally,1
trimmed,1
post,4
european,5
describe,2
lhrsfo,1
nonstop,1
yakking,1
polite,3
unbearable,1
westbound,1
nasty,2
scone,1
suffering,1
ie,1
involves,1
swear,1
skid,1
downhill,4
repeatedly,3
citizen,1
industrial,1
action,4
overbook,1
maximise,1
income,1
regard,3
champion,1
server,1
itsu,1
serf,1
routine,1
occurrence,1
proactive,1
renaissance,1
compliment,1
wonder,1
devoted,1
feeding,2
boeing,2
effectively,1
squeezed,1
bump,1
bulkhead,3
wake,1
push,2
fourth,1
fifth,1
sixth,1
seventh,1
charging,3
bearable,2
hopping,1
metal,1
gap,3
sydney,4
house,1
portugal,1
booth,1
sliding,1
downside,1
interact,1
leather,1
slipper,1
sock,3
example,3
penny,2
pinching,2
fork,1
replaced,1
greeted,2
whether,2
afforded,1
personal,2
risotto,2
cooked,1
rice,2
porridge,1
vegetable,2
discoloured,1
flavourless,1
bread,3
summary,1
sweden,4
whereabouts,1
guy,3
questioned,2
fetch,1
frankly,2
halifax,1
infant,2
toddler,1
aged,2
consideration,1
brussels,3
honored,1
rent,1
uncertainty,1
generic,3
attached,1
untrustworthy,1
unorganized,2
expressed,2
handing,1
band,1
slapping,1
runaround,1
heavily,1
exhaustion,1
code,4
pacific,2
inedible,8
ensure,2
assume,2
vegetarian,1
unavailable,4
cracker,2
nut,3
uniquely,1
aggressive,1
compiled,1
netflix,1
unsurprisingly,1
weak,1
earbuds,2
cheapest,1
lowest,1
obnoxious,2
impatient,2
characteristic,1
desirable,1
attribute,1
excusing,1
write,1
invoice,1
proof,3
pdf,2
screenshots,1
reprint,1
inexistent,1
belfast,7
changeover,1
experiencing,1
fog,2
iberian,1
swamped,1
complaining,2
behavior,1
importantly,2
separated,2
wayin,1
sits,1
rubbing,1
vile,1
entertain,1
periodically,1
flippant,2
commensurate,1
increased,1
abusive,1
shouting,4
rolling,1
constant,1
bullying,1
competing,1
globally,1
noticeable,1
asia,1
industry,2
younger,1
ord,1
yelled,1
verified,3
uploaded,2
advance,9
firstly,3
mar,1
motel,1
smelling,1
weed,1
nonsmoker,1
compromise,1
wash,1
sink,1
panicked,2
reception,1
discussion,1
prepaid,1
held,3
clown,1
trial,1
queued,1
pre,1
demanding,1
cheese,8
rapidly,1
horrified,1
exuded,1
warmth,2
desire,1
neighbor,1
constantly,1
breathing,1
scalp,1
revolting,1
premeal,2
secondary,1
slid,1
majorly,1
regret,1
intercontinental,1
ml,2
sip,1
shorter,1
style,2
suit,2
telephoned,1
manner,3
catalogue,1
calgary,2
orlando,1
handed,3
engagement,2
dec,4
bangkok,7
stockholm,2
sa,3
traffic,2
dubai,6
collected,2
phoning,1
picking,2
fund,1
kuwait,2
kuwaiti,1
yesterday,2
outgoing,2
french,1
controller,1
germany,1
metre,2
guidance,1
skybridge,1
acknowledge,1
letter,4
act,1
hadnt,3
australia,2
chased,1
patient,1
patiently,1
convinced,1
model,1
balance,1
pp,1
changing,4
arbitrarily,1
reseated,1
malpensa,2
cooling,2
delivers,1
hide,1
relates,1
setting,1
radio,1
somebody,2
south,4
accent,3
insisted,1
indeed,3
audacity,1
declare,1
facility,2
marked,1
gentleman,4
visually,1
impaired,1
picked,2
declared,1
tone,1
rolled,1
disgust,1
joined,1
afraid,1
shop,3
predepature,1
ordered,2
skyshop,1
pamper,1
begun,1
secondly,1
meantime,1
disgraceful,2
submission,2
restriction,3
hopelessly,1
clicking,2
forever,1
browser,1
device,2
donated,1
atl,1
refit,1
combine,1
headrest,1
padding,1
general,1
rubber,3
spacers,1
falling,2
silicone,1
sealer,1
stained,1
drinkssnacks,1
cube,1
reminded,1
dog,1
mashed,2
potato,2
purified,1
inch,3
stale,2
rock,1
roll,4
salad,2
carrot,1
dressing,1
refloat,1
shipwreck,1
creamer,1
adult,2
bagel,1
tasty,2
spinach,1
onion,1
mix,3
grunt,1
enduring,1
shivering,1
blanket,3
vague,3
extract,1
yvr,1
lhrlax,2
disastrous,2
ridiculously,3
vielhr,2
urgency,1
overcrowding,2
satellite,2
c,2
roped,1
crowding,1
extreme,4
built,1
urged,1
upload,3
urging,1
shopbacom,1
connect,3
indicated,1
furniture,1
carpeting,1
beverage,6
unlike,1
brought,3
haphazardly,1
fish,1
prelanding,1
ploughman,1
lunch,1
setup,1
comment,1
rightly,1
panned,1
awkwardness,1
design,1
height,1
luck,3
enclosed,1
pen,2
weirdly,1
upcoming,1
queuing,2
smart,1
arrives,1
ice,1
tasteless,3
fridge,1
film,3
melbourne,2
tracked,1
lovely,2
sensible,1
driving,1
spared,1
road,2
sin,1
public,1
rail,1
lufthansa,1
news,1
pleasurable,1
regrettably,1
reliability,2
carnage,1
manned,1
needing,4
doha,1
til,1
spoilt,1
xmas,1
gift,1
extensive,1
understood,1
daily,1
tuesday,1
stupidly,2
barbados,1
atlantic,4
antique,1
pushmepullyou,1
reorganise,1
logistics,1
fitting,1
rarely,2
planning,1
oneworld,1
risky,1
ancient,1
catastrophe,1
grabbed,2
unfinished,1
scrounge,1
paper,3
jacket,1
straighten,1
tilted,1
slipping,1
andor,1
thick,1
english,2
notified,3
submitted,3
misplaced,1
italy,1
retrieving,1
copy,1
followup,1
gibraltar,1
nickle,1
dime,3
nutribar,1
impression,1
aim,1
positioned,1
punctual,1
whelmed,1
san,3
francisco,2
america,3
scotland,1
evident,1
recliner,1
pushed,2
frame,3
bearing,1
privilege,1
refusing,3
basis,3
payed,1
britain,1
heating,1
suffocating,1
faint,1
heat,1
jersey,3
range,1
visibility,1
bacon,1
conference,3
gothenburg,2
proposed,1
law,1
rejection,1
understanding,2
comprise,1
considered,1
pillow,1
harassing,1
curtesy,1
unload,1
click,1
continuously,1
serving,2
settle,2
subsequently,2
dumped,2
m,2
music,4
arbitration,1
withdraw,1
ditched,1
specific,2
disability,1
amsterdam,11
brother,1
cargo,1
theyve,2
complain,2
tier,2
chief,1
executive,5
remained,1
unanswered,2
marketing,1
con,1
deck,3
protected,1
wondering,1
happening,3
accomplish,1
nairobi,2
sister,5
died,1
hearted,1
efficiency,2
empathy,1
losing,2
increase,1
nosedive,1
convey,1
deep,1
unchecked,1
massively,1
fast,2
track,3
luggagespace,1
mn,1
proceed,1
entrance,2
baltimore,1
compensated,1
ongoing,2
reykjavik,2
threehour,2
informative,1
cockpit,1
lone,1
slowed,1
immensely,1
stowing,1
enormous,2
enforce,1
wandering,1
hapless,1
halffull,1
tokenism,1
paris,6
wherever,3
corridor,3
unexpectedly,1
lodging,2
cared,1
altered,1
bunch,1
angry,2
provisioning,1
cdg,3
handle,2
sunk,1
fooled,1
obligated,1
girl,2
persists,1
introduced,2
related,1
fear,1
typical,1
nickel,1
surprisingly,1
adjust,1
programme,2
pea,1
mushroom,1
australasia,1
auto,1
tracing,2
deadend,1
description,1
alright,1
exchanged,1
ultimate,1
disconnected,2
pursue,1
study,1
concerned,1
thankful,1
pandemic,4
skewing,1
negatively,1
swiss,1
rechecking,1
bgi,1
sequence,1
isle,2
stretching,1
reclines,2
cocacola,1
red,1
privately,1
turnaround,1
relative,1
guarantee,3
jogging,1
asthma,1
warning,2
enjoyable,2
agree,2
hotline,2
timing,1
aircon,1
erratic,1
guest,3
ordering,1
unbalanced,1
basel,1
ui,1
love,1
age,2
decides,1
placed,3
indefinite,1
replete,1
mattered,1
purposely,3
plight,1
persist,1
swindle,1
principle,1
internal,1
certain,1
leftover,1
horrific,1
somehow,1
discrepancy,1
kg,5
overweight,1
wrapping,1
basket,1
hygiene,1
endure,1
pisa,1
prompt,1
seven,1
scenario,1
replayed,1
std,1
atd,1
durban,1
towed,1
hanger,1
comair,1
kulula,1
loosing,1
driven,2
despair,2
itll,1
guaranteed,1
lower,2
misfortune,1
boy,1
crashed,1
everyones,1
pursuing,1
amex,1
zrhlhr,2
gvalhr,2
lhrzrh,2
chatty,1
infrastructure,1
mislabelled,1
tow,1
shade,1
plug,1
pack,4
antibacterial,1
akin,1
jetstar,1
bland,1
edible,1
ham,1
plain,1
yoghurt,1
oreo,1
decide,1
learn,1
custom,3
excursion,1
shopping,1
explore,1
social,1
passiveaggressive,1
fleet,1
yrsold,1
packedlikesardines,1
cpt,1
bursting,1
seam,1
suspect,1
cynical,1
timesaving,1
initiative,1
frustratingly,1
spurious,1
allergy,4
suspicion,1
economical,1
truth,2
turbulent,1
ride,1
uneventful,1
atrociously,1
unexpected,1
antalya,1
traditional,1
hash,1
brown,1
whatsoever,1
crashing,1
york,9
shambolic,2
fooddrink,1
illusion,1
unsophisticated,1
comparison,1
granted,1
mug,1
politeness,1
coat,1
towel,1
manky,1
dispensable,1
commodity,1
episode,1
unmitigated,1
storm,2
eunice,1
underway,1
compounded,1
raft,1
pitiful,2
growing,1
raise,1
prevent,1
currently,2
inclusive,1
recorded,2
roam,1
unmarked,1
stair,1
greet,1
meagre,1
infrequently,1
exact,1
newcastle,1
fantastic,1
ciara,1
mini,1
unused,1
quicker,1
crowd,1
battle,1
spare,1
avoidable,1
chasing,1
witnessed,1
tough,1
plummeted,1
lane,1
standstill,1
desperately,2
jumped,1
stain,1
mark,1
wiping,1
surrounding,1
behave,1
unprofessionally,1
swearing,1
pulling,1
weight,1
proud,1
clinging,1
sub,1
par,1
release,2
earphone,1
jack,1
uncomfortably,1
temp,1
warsaw,3
random,2
method,1
smoothest,1
premier,1
appreciate,1
bluetooth,1
preboarding,1
permission,1
aberdeen,1
learned,3
meet,1
border,2
stored,1
mvp,1
miler,1
alaska,5
linked,1
accomplishing,1
flt,2
egypt,1
valid,2
shepherd,1
gnocchi,1
steward,2
temerity,1
supplier,1
rigatoni,1
obtain,2
electronically,1
verifly,1
advanced,1
performed,1
latin,1
sickening,1
marred,1
vip,1
pauper,1
airfield,1
resort,1
riu,1
paradise,1
beach,1
riddled,1
drug,1
fobbed,1
sound,1
horrid,1
tunnel,1
difficulty,1
vaccine,3
locator,1
argument,1
contradicting,1
pleased,1
idiot,1
taxing,1
unorganised,1
prepare,1
commenced,1
albeit,1
tannoy,1
speech,1
lackadaisical,1
gotten,2
saywhaa,1
yesasked,1
milk,1
sugar,2
lukewarm,1
sachet,1
spoon,2
stirrer,2
bawhat,1
strolled,1
edreams,2
lhrgru,1
clearer,1
flexibility,2
commonsense,1
test,8
toandfrom,1
mykonos,2
tested,1
usless,1
drone,1
callback,1
thirdparty,1
negative,2
pcr,1
accurate,1
scare,1
count,2
becuase,1
misbooked,1
greek,1
theyll,1
speechless,1
stupidity,1
tirana,1
washingtonlondon,1
era,1
ukgov,1
regulation,1
necessary,1
basement,1
rapid,1
outrage,1
vegan,1
dairy,1
samsonite,1
photo,1
moscow,1
domodedovo,1
stroller,2
downstairs,1
piled,1
confronted,1
learning,1
signed,1
systemic,1
failing,1
reminder,1
issuing,1
antigua,1
applying,1
stammer,1
amendment,2
ticked,1
box,1
mechanical,1
connexion,2
applied,1
lawfully,1
carelessly,1
determining,1
cr,1
acknowledged,1
effective,1
defence,1
af,2
reticketed,1
surcharge,1
misconnect,1
authority,1
indefensible,1
history,1
path,1
blatantly,1
ignoring,1
lyon,1
marchapril,1
corona,2
opted,1
obtained,1
inaccessible,1
protect,1
honouring,1
practice,1
withholding,1
bane,1
soft,1
orange,2
evouchers,1
redeem,2
complicate,1
frustrate,1
allowing,2
swedish,2
arlanda,1
eueftaeea,1
disconnect,1
major,2
dishonest,1
furthermore,1
terrific,1
bureaucracy,1
coronavirus,1
virus,1
tochange,1
package,3
facebook,1
ordeal,1
blurt,1
ref,1
briefly,1
extend,1
vehicle,1
turmoil,1
current,1
consumption,1
morale,1
contemptible,1
require,1
retain,1
mask,1
disposable,1
tooth,1
brush,1
oncegreat,1
palpable,1
dreaded,1
ying,1
yang,1
hd,1
overhaul,1
investment,1
buenos,4
aire,4
becomes,1
unfriendly,2
visit,1
mum,2
explanatory,1
webjet,2
phoned,3
compassion,1
platitude,1
astounded,1
cream,1
excludes,1
lift,1
rio,2
de,1
janeiro,1
ons,1
pricing,1
iffy,1
whoever,1
refurbished,1
gallery,1
acoustic,1
syllable,1
facetime,1
audible,1
language,1
inebriation,1
recipe,1
unrelaxing,1
upper,1
civilised,1
distant,1
ensured,1
watered,1
bedding,1
gimmick,1
enhancement,1
solitary,1
croissant,1
chilly,1
curbside,1
strongest,1
jose,1
rearmost,1
outer,1
inspection,1
bassinet,1
dimmed,1
slamming,1
cap,1
et,1
newborn,1
bkk,1
scream,1
apologetic,1
bear,1
insinuation,1
honeymoon,1
instruction,1
youll,1
us,1
shelf,1
sighing,1
deciding,1
brand,1
surely,1
refrain,1
wish,1
research,1
dated,1
complementary,1
opposite,2
childish,1
rerouted,1
bru,1
junked,1
gall,1
wrapped,1
coop,1
partition,1
rattled,1
backwards,1
wall,1
welldeserved,1
reputation,1
bangalore,3
lacking,1
toothbrushtoothpaste,1
sardine,1
tin,1
debacle,1
awkwardly,1
stare,1
gaze,1
passage,1
priced,1
competitively,1
remarkably,1
tandoori,1
palette,1
astonishing,1
supplied,1
deliveredthis,1
sync,1
hospitality,1
critical,1
hostesshost,1
accustomed,1
normalnewish,1
blown,1
westjet,1
transat,1
mighty,1
actively,1
described,2
paperwork,1
bridge,1
allocation,1
purple,1
shunted,1
carbohydrate,1
filigree,1
bordeaux,1
salzburg,1
tracker,1
easily,1
cramp,1
modicum,1
invariably,1
barrel,1
nyc,1
disorganized,2
bedlam,1
rwturn,1
installed,1
ipod,1
pax,1
beef,1
stew,1
miniature,1
abu,1
dhabi,1
warrant,1
cushioning,1
dismal,1
interaction,1
consequence,1
mishandled,1
shattered,1
hiring,1
scratch,1
slim,1
frill,1
